{
  "hosting": [
    {
      "target": "alpha-project",
      "public": "dist/alpha-project",
      "ignore": [
        "**/.*"
      ],
      "headers": [
        {
          "source": "*.[0-9a-f][0-9a-f][0-9a-f][0-9a-f][0-9a-f][0-9a-f][0-9a-f][0-9a-f][0-9a-f][0-9a-f][0-9a-f][0-9a-f][0-9a-f][0-9a-f][0-9a-f][0-9a-f][0-9a-f][0-9a-f][0-9a-f][0-9a-f].+(css|js)",
          "headers": [
            {
              "key": "Cache-Control",
              "value": "public,max-age=31536000,immutable"
            }
          ]
        }
      ],
      "rewrites": [
        {
          "source": "**",
          "destination": "/index.html"
        }
      ]
    }
  ],
  "functions": {
    "predeploy": [
      "npm --prefix \"$RESOURCE_DIR\" run lint",
      "npm --prefix \"$RESOURCE_DIR\" run build"
    ]
  }
}
